"Code","Symbol","Industry","Board"
"VWS.CO","Vestas Wind Systems A/S","Unknown","Copenhagen"
"OLI.CO","Olicom AS","Unknown","Copenhagen"
"TPSL.CO","Topsil","Unknown","Copenhagen"
"DSV.CO","DSV","Unknown","Copenhagen"
"GN.CO","GN Store Nord A/S","Unknown","Copenhagen"
"FLS.CO","FLSmidth & Co","Unknown","Copenhagen"
"NZYM-B.CO","Novozymes A/S","Unknown","Copenhagen"
"DNORD.CO","D/S NORDEN","Unknown","Copenhagen"
"LUN.CO","Lundbeck","Unknown","Copenhagen"
"GEN.CO","Genmab A/S","Unknown","Copenhagen"
"TOPO.CO","TopoTarget A/S","Unknown","Copenhagen"
"DCO.CO","Danisco A/S","Unknown","Copenhagen"
"TORM.CO","D/S TORM","Unknown","Copenhagen"
"SYDB.CO","Sydbank A/S","Unknown","Copenhagen"
"GUAVA.CO","GUAVA","Unknown","Copenhagen"
"WALLS.CO","WALLS AS","Unknown","Copenhagen"
"NKT.CO","NKT","Unknown","Copenhagen"
"COLO-B.CO","Coloplast A/S","Unknown","Copenhagen"
"WDH.CO","William Demant Holding A/S","Unknown","Copenhagen"
"JYSK.CO","Jyske Bank A/S","Unknown","Copenhagen"
"TRYG.CO","Trygvesta AS","Unknown","Copenhagen"
"LCP.CO","LifeCycle Pharma AS","Unknown","Copenhagen"
"GRIFIV-B.CO","GRIFFIN IV BERL -B-","Unknown","Copenhagen"
"TOP.CO","Topdanmark A/S","Unknown","Copenhagen"
"CAPI.CO","Capinordic A/S","Unknown","Copenhagen"
"GRFBER-B.CO","Griffin III Berlin As","Unknown","Copenhagen"
"SOEN.CO","Sondagsavisen A/S","Unknown","Copenhagen"
"GES.CO","Greentech Energy Systems A/S","Unknown","Copenhagen"
"PHARMX.CO","Pharmexa A/S","Unknown","Copenhagen"
"EAC.CO","East Asiatic Co. As","Unknown","Copenhagen"
"AURI-B.CO","Auriga Industries A/S","Unknown","Copenhagen"
"MONDO.CO","Mondo AS","Unknown","Copenhagen"
"TKDV.CO","TK Development A/S","Unknown","Copenhagen"
"BIOPOR.CO","Bioporto A/S","Unknown","Copenhagen"
"DANIO.CO","Danionics A/S","Unknown","Copenhagen"
"FPLIM.CO","Formuepleje Limittellus AS","Unknown","Copenhagen"
"ELITE-B.CO","Arhus Elite","Unknown","Copenhagen"
"ROV.CO","Rovsing AS","Unknown","Copenhagen"
"NEUR.CO","NeuroSearch A/S","Unknown","Copenhagen"
"SJGR.CO","Sjaelso gruppen","Unknown","Copenhagen"
"ROCK-B.CO","Rockwool International A/S","Unknown","Copenhagen"
"EI.CO","EUROINVESTOR","Unknown","Copenhagen"
"NANO.CO","NANOCOVER","Unknown","Copenhagen"
"FPPEN.CO","Formuepleje Penta AS","Unknown","Copenhagen"
"GW.CO","GREEN WIND ENERGY","Unknown","Copenhagen"
"ADSERVE.CO","ADSERVING INT","Unknown","Copenhagen"
"CUR.CO","Curalogic AS","Unknown","Copenhagen"
"FPSAFE.CO","Formuepleje Safe AS","Unknown","Copenhagen"
"3297.CO","Roskilde Bank A/S","Unknown","Copenhagen"
"BO.CO","Bang & Olufsen A/S","Unknown","Copenhagen"
"ALK-B.CO","ALK-Abello","Unknown","Copenhagen"
"RELLA.CO","Rella Holding AS","Unknown","Copenhagen"
"BAVA.CO","Bavarian Nordic A/S","Unknown","Copenhagen"
"GJ.CO","Glunz & Jensen AS","Unknown","Copenhagen"
"LL-B.CO","Land & Leisure A/S","Unknown","Copenhagen"
"DICENT.CO","Dicentia AS","Unknown","Copenhagen"
"32540.CO","DEADLINE GAMES","Unknown","Copenhagen"
"MACO.CO","Maconomy A/S","Unknown","Copenhagen"
"TOWER.CO","Tower Group A/S","Unknown","Copenhagen"
"IC.CO","IC Companys A/S","Unknown","Copenhagen"
"CBRAIN.CO","cBrain A/s","Unknown","Copenhagen"
"MAERSK-B.CO","A P Moller Maersk","Unknown","Copenhagen"
"KAP.CO","KapitalPleje A/S","Unknown","Copenhagen"
"VJBA.CO","Vestjysk Bank A/S","Unknown","Copenhagen"
"DLH-B.CO","Dalhoff Larsen & Hornemann Dlh A/S","Unknown","Copenhagen"
"DLVS.CO","DLVS","Unknown","Copenhagen"
"EXQ.CO","EXIQON","Unknown","Copenhagen"
"LL-A.CO","LAND & LEISURE -A-","Unknown","Copenhagen"
"BIF-B.CO","Brondby IF","Unknown","Copenhagen"
"FPPAR.CO","Formuepleje Pareto AS","Unknown","Copenhagen"
"NORDIC.CO","NORDIC TANKERS","Unknown","Copenhagen"
"FO-BANK.CO","FOROYA BANKI","Unknown","Copenhagen"
"SOLAR-B.CO","Solar A/S","Unknown","Copenhagen"
"TRIFOR.CO","TRIFORK","Unknown","Copenhagen"
"CHEMM.CO","ChemoMetec AS","Unknown","Copenhagen"
"FPOPT.CO","Formuepleje Optimum AS","Unknown","Copenhagen"
"ALMB.CO","Alm Brand","Unknown","Copenhagen"
"HARB-B.CO","Harboes Bryggeri","Unknown","Copenhagen"
"UPAL.CO","United Plantations Africa","Unknown","Copenhagen"
"SIM.CO","SimCorp A/S","Unknown","Copenhagen"
"SPNFI.CO","Spar Nord FormueInvest","Unknown","Copenhagen"
"SCHO.CO","Schouw & Co A/S","Unknown","Copenhagen"
"WIRTEK.CO","WIRTEK","Unknown","Copenhagen"
"FPEPI.CO","Formuepleje Epikur AS","Unknown","Copenhagen"
"SPNO.CO","Spar Nord Bank A/S","Unknown","Copenhagen"
"IBEH.CO","HIO PROPERTY ELITE","Unknown","Copenhagen"
"ARESA.CO","ARESA","Unknown","Copenhagen"
"FPMER.CO","Formuepleje Merkur AS","Unknown","Copenhagen"
"RTX.CO","RTX Telecom A/S","Unknown","Copenhagen"
"NTR-B.CO","NTR Holding A/S","Unknown","Copenhagen"
"UPB.CO","UNITED PLANT.","Unknown","Copenhagen"
"SCHAUP.CO","Schaumann Properties AS","Unknown","Copenhagen"
"COM.CO","Comendo AS","Unknown","Copenhagen"
"NORDJB.CO","Nordjyske Bank A/S","Unknown","Copenhagen"
"TDC.CO","TDC A/S","Unknown","Copenhagen"
"FFARMS.CO","FirstFarms A/S","Unknown","Copenhagen"
"39819.CO","MERMAID TECHNOLOGY","Unknown","Copenhagen"
"SCFT.CO","SCF Technologies AS","Unknown","Copenhagen"
"THRAN.CO","Thrane & Thrane A/S","Unknown","Copenhagen"
"HART.CO","Brodrene Hartman","Unknown","Copenhagen"
"AMBU-B.CO","Ambu International","Unknown","Copenhagen"
"CARL-A.CO","CARLSBERG -A-","Unknown","Copenhagen"
"ALTA.CO","Atlantic petroleum","Unknown","Copenhagen"
"SPG.CO","SP Group A/S","Unknown","Copenhagen"
"SPB.CO","Sparbank AS","Unknown","Copenhagen"
"ENALYZ.CO","ENALYZER","Unknown","Copenhagen"
"EBH.CO","EBH bank","Unknown","Copenhagen"
"41932.CO","INV STO RETAIL","Unknown","Copenhagen"
"39339.CO","ESOFT SYSTEMS","Unknown","Copenhagen"
"PAAL-B.CO","Per Aarsleff A/S","Unknown","Copenhagen"
"ZEPTO.CO","ZEPTO COMPUTERS","Unknown","Copenhagen"
"DANV.CO","DANVENTURES","Unknown","Copenhagen"
"ATHENA.CO","ATHENA IT-GROUP","Unknown","Copenhagen"
"TMCOM.CO","TRAVELMARKET","Unknown","Copenhagen"
"HOEJ-B.CO","HOEJGAARD HOLD -B-","Unknown","Copenhagen"
"DFOLD.CO","DANFOLD","Unknown","Copenhagen"
"DFDS.CO","DFDS A/S","Unknown","Copenhagen"
"RILBA.CO","Ringkjobing Landbobank","Unknown","Copenhagen"
"BOCON-B.CO","BoConcept Holding AS","Unknown","Copenhagen"
"MOLS.CO","MOLS-LINIEN","Unknown","Copenhagen"
"SAT.CO","Satair A/S","Unknown","Copenhagen"
"REN.CO","RENEWAGY","Unknown","Copenhagen"
"IGHS2-B.CO","INVEST GERHISTII-B-","Unknown","Copenhagen"
"NRDC.CO","Nordicom A/S","Unknown","Copenhagen"
"FO-EIK.CO","EIK BANK","Unknown","Copenhagen"
"PARKEN.CO","Parken Sport & Entertainment A/S","Unknown","Copenhagen"
"MAERSK-A.CO","AP MOELLER-MAERS-A-","Unknown","Copenhagen"
"MT-B.CO","Monberg & Thorsen A/S","Unknown","Copenhagen"
"DKTI.CO","DK TRENDS INVEST","Unknown","Copenhagen"
"SIFB.CO","Sif Fodbold Support","Unknown","Copenhagen"
"ALMBF-B.CO","Alm Brand Formue","Unknown","Copenhagen"
"AOJ-P.CO","Brdr A & O Johansen A/S","Unknown","Copenhagen"
"KLIMA.CO","KLIMAINVEST","Unknown","Copenhagen"
"SKLS.CO","Skaelskor Bank","Unknown","Copenhagen"
"LAST-B.CO","Lastas","Unknown","Copenhagen"
"NRSU.CO","NORRESUNBY BK","Unknown","Copenhagen"
"AM-B.CO","Andersen & Martini","Unknown","Copenhagen"
"HVETBO.CO","SPAREKASSEN HVETBO","Unknown","Copenhagen"
"PRIMOF.CO","PRIME OFFICE","Unknown","Copenhagen"
"SANI-B.CO","Sanistaal","Unknown","Copenhagen"
"UIE.CO","United International Enterprises","Unknown","Copenhagen"
"LOLB.CO","Lollands Bank A/S","Unknown","Copenhagen"
"DANT.CO","Dantax AS","Unknown","Copenhagen"
"GPV-B.CO","GPV Industri A/S","Unknown","Copenhagen"
"AARHUS.CO","AARHUS LOKALBK","Unknown","Copenhagen"
"IMAIL-B.CO","InterMail A/S","Unknown","Copenhagen"
"JDAN.CO","Jeudan A/S","Unknown","Copenhagen"
"VIINT.CO","Victor International A/S","Unknown","Copenhagen"
"FO-AIR.CO","ATLANTIC AIRWAYS","Unknown","Copenhagen"
"HOEJ-A.CO","Hojgaard Holding","Unknown","Copenhagen"
"ISP-B.CO","INVESTEA SWEDEN PRO","Unknown","Copenhagen"
"GB-N.CO","GOURMETBRYGGERIET","Unknown","Copenhagen"
"SPALOL.CO","SPBK LOLLAND","Unknown","Copenhagen"
"TOTA.CO","TOTALBANKEN","Unknown","Copenhagen"
"VIPRO.CO","Victoria Properties AS","Unknown","Copenhagen"
"GABR.CO","GABRIEL HOLDING","Unknown","Copenhagen"
"ROCK-A.CO","ROCKWOOL INT. -A-","Unknown","Copenhagen"
"VTH.CO","SKAKO Industries AS","Unknown","Copenhagen"
"NETOP.CO","Netop Solutions A/S","Unknown","Copenhagen"
"SKJE.CO","Skjern Bank A/S","Unknown","Copenhagen"
"NETOP-N.CO","NETOP SOLUTINS I08","Unknown","Copenhagen"
"VIND.CO","VINDERUP BANK","Unknown","Copenhagen"
"RBLN-B.CO","ROBLON A/S","Unknown","Copenhagen"
"HH-B.CO","H+H International A/S","Unknown","Copenhagen"
"NUNA.CO","NUNAMINERALS","Unknown","Copenhagen"
"MIGA-B.CO","Migatronic A/S","Unknown","Copenhagen"
"MNBA.CO","MOENS BANK","Unknown","Copenhagen"
"LUXORB.CO","Luxor","Unknown","Copenhagen"
"GRLA.CO","Gronlandsbanken","Unknown","Copenhagen"
"KBHL.CO","Kobenhavns Lufthavne A/S","Unknown","Copenhagen"
"ITIGRP.CO","FASTPASSCORP","Unknown","Copenhagen"
"VIBHK.CO","Viborg Haandbold Klub","Unknown","Copenhagen"
"OAHB.CO","Arkil","Unknown","Copenhagen"
"ORION.CO","D/S Orion A/S","Unknown","Copenhagen"
"OJBA.CO","Ostjydsk Bank","Unknown","Copenhagen"
"DELTAQ.CO","DELTAQ","Unknown","Copenhagen"
"WKEY.CO","WANNAKEY","Unknown","Copenhagen"
"ASGGRO.CO","Asgaard Group AS","Unknown","Copenhagen"
"ALMBP-B.CO","Alm Brand Pantebreve A/S","Unknown","Copenhagen"
"DANTR.CO","Dan Truck Henden","Unknown","Copenhagen"
"DEH.CO","Dan Ejendomme Holding","Unknown","Copenhagen"
"GYLD-B.CO","GYLDENDAL -B-","Unknown","Copenhagen"
"SPHIM.CO","Sparekassen Himmerland As","Unknown","Copenhagen"
"RIAS-B.CO","Rias","Unknown","Copenhagen"
"AFFSTR-B.CO","AFF STRATEGO","Unknown","Copenhagen"
"TNDR.CO","Tonder Bank","Unknown","Copenhagen"
"FLUG-B.CO","Flugger","Unknown","Copenhagen"
"FEII.CO","FORMUEEVOLUTION II","Unknown","Copenhagen"
"SVEND.CO","Svendborg Sparekasse A/S","Unknown","Copenhagen"
"ERRIA.CO","ERRIA","Unknown","Copenhagen"
"VORD.CO","Vordingborg Bank A/S","Unknown","Copenhagen"
"LASP.CO","Laan & Spar Bank","Unknown","Copenhagen"
"EGE-B.CO","Egetaepper A/S","Unknown","Copenhagen"
"BORDB.CO","F.E. Bording","Unknown","Copenhagen"
"NRDF.CO","Nordfyns Bank","Unknown","Copenhagen"
"TIV.CO","Tivoli A/S","Unknown","Copenhagen"
"SPFA.CO","Sparekassen Faaborg A/S","Unknown","Copenhagen"
"KIF-B.CO","KIF HANDBOLD ELITE","Unknown","Copenhagen"
"34717.CO","LUBKER GOLF","Unknown","Copenhagen"
"VEFY.CO","Vestfyns Bank","Unknown","Copenhagen"
"EXPB.CO","Expedit","Unknown","Copenhagen"
"MORS.CO","Morso Bank","Unknown","Copenhagen"
"KLEE-B.CO","Brodrene Klee","Unknown","Copenhagen"
"41392.CO","JOBINDEX","Unknown","Copenhagen"
"SPEAS.CO","SCANDI PRIV EQUITY","Unknown","Copenhagen"
"KRE.CO","Kreditbanken A/S","Unknown","Copenhagen"
"SPNC-B.CO","Spaencom A/S","Unknown","Copenhagen"
"JMI.CO","Jensen & Moller Invest","Unknown","Copenhagen"
"PROINV.CO","PROTEKTOR","Unknown","Copenhagen"
"KLEEB.CO","Brodrene Klee","Unknown","Copenhagen"
"DLHB.CO","Dalhoff Larsen & Hornemann Dlh A/S","Unknown","Copenhagen"
"DANSKE.CO","Danske Bank A/S","Unknown","Copenhagen"
"HARBB.CO","Harboes Bryggeri","Unknown","Copenhagen"
"SOLARB.CO","Solar A/S","Unknown","Copenhagen"
"ALMBPB.CO","Alm Brand Pantebreve A/S","Unknown","Copenhagen"
"SANIB.CO","Sanistaal","Unknown","Copenhagen"
"HARTB.CO","Brodrene Hartman","Unknown","Copenhagen"
"BIFB.CO","Brondby IF","Unknown","Copenhagen"
"FLUGB.CO","Flugger","Unknown","Copenhagen"
"PAALB.CO","Per Aarsleff A/S","Unknown","Copenhagen"
"ABB.CO","Schaumann Properties AS","Unknown","Copenhagen"
"LLA.CO","LAND & LEISURE A/S","Unknown","Copenhagen"
"CARL-B.CO","Carlsberg A/S","Unknown","Copenhagen"
"AMBUB.CO","Ambu International","Unknown","Copenhagen"
"GPVB.CO","GPV Industri A/S","Unknown","Copenhagen"
"AURIB.CO","Auriga Industries A/S","Unknown","Copenhagen"
"HHB.CO","H+H International A/S","Unknown","Copenhagen"
"CARLB.CO","Carlsberg A/S","Unknown","Copenhagen"
"NTRB.CO","NTR Holding A/S","Unknown","Copenhagen"
"NOVOB.CO","NOVO NORDISK -B-","Unknown","Copenhagen"
"AOJP.CO","Brdr A & O Johansen A/S","Unknown","Copenhagen"
"RIASB.CO","Rias","Unknown","Copenhagen"
"AMB.CO","Andersen & Martini","Unknown","Copenhagen"
"40700.CO","EUROINVESTOR I07","Unknown","Copenhagen"
"GYLDB.CO","GYLDENDALSKE BOGHANDEL NORDISK FORLAG AS","Unknown","Copenhagen"
"LASTB.CO","Lastas","Unknown","Copenhagen"
"HOEJB.CO","HOEJGAARD HOLDING A/S","Unknown","Copenhagen"
"MTB.CO","Monberg & Thorsen A/S","Unknown","Copenhagen"
"G4S.CO","G4S Plc","Unknown","Copenhagen"
"NDA.CO","Nordea Bank","Unknown","Copenhagen"
"SAS.CO","SAS","Unknown","Copenhagen"
"GYLDA.CO","Gyldendalske Boghandel","Unknown","Copenhagen"
"SPNCA.CO","SPAENCOM -A-","Unknown","Copenhagen"
"GPVA.CO","GPV INDUSTRI -A-","Unknown","Copenhagen"
"LLB.CO","Land & Leisure A/S","Unknown","Copenhagen"
"ROCKB.CO","Rockwool International A/S","Unknown","Copenhagen"
"CARLA.CO","CARLSBERG AS (FORMERLY UNITED BREWERIES","Unknown","Copenhagen"
"NOVO-B.CO","NOVO NORDISK -B-","Unknown","Copenhagen"
"COLOB.CO","COLOPLAST -B-","Unknown","Copenhagen"
"NDA-DKK.CO","NORDEA BANK","Unknown","Copenhagen"
