"Code","Symbol","Industry","Board"
"ERIC-B.ST","Ericsson","Unknown","Stockholm"
"VOLV-B.ST","Volvo AB","Unknown","Stockholm"
"NDA-SEK.ST","Nordea Bank","Unknown","Stockholm"
"TLSN.ST","Teliasonera Ab","Unknown","Stockholm"
"SWED-A.ST","Swedbank AB","Unknown","Stockholm"
"SEB-A.ST","S E Banken","Unknown","Stockholm"
"ATCO-A.ST","Atlas Copco AB","Unknown","Stockholm"
"BOL.ST","Boliden AB","Unknown","Stockholm"
"WSIB-SDB.ST","West Siberian Resources Ltd.","Unknown","Stockholm"
"SKF-B.ST","SKF AB","Unknown","Stockholm"
"PRIC-B.ST","Pricer AB","Unknown","Stockholm"
"49924.ST","MALKA OIL","Unknown","Stockholm"
"ALFA.ST","Alfa Laval AB","Unknown","Stockholm"
"43577.ST","Entraction Holding AB","Unknown","Stockholm"
"SCV-B.ST","Scania AB","Unknown","Stockholm"
"SHB-A.ST","Svenska Handelsbanken AB","Unknown","Stockholm"
"ELUX-B.ST","Electrolux AB","Unknown","Stockholm"
"ENRO.ST","Eniro AB","Unknown","Stockholm"
"HM-B.ST","Hennes & Mauritz AB","Unknown","Stockholm"
"SSAB-A.ST","SSAB Svenskt Stal","Unknown","Stockholm"
"SKA-B.ST","Skanska AB","Unknown","Stockholm"
"SCA-B.ST","SCA Sv Cellulosa","Unknown","Stockholm"
"SYKA.ST","SYSTEM KAPIT SVERIG","Unknown","Stockholm"
"EPCT.ST","EpiCept Corp","Unknown","Stockholm"
"ASSA-B.ST","Assa Abloy AB","Unknown","Stockholm"
"INVE-B.ST","Investor AB","Unknown","Stockholm"
"TEL2-B.ST","Tele2 Ab","Unknown","Stockholm"
"LUMI-SDB.ST","LUNDIN MINING SDR","Unknown","Stockholm"
"SECU-B.ST","Securitas AB","Unknown","Stockholm"
"STAR.ST","STARBREEZE","Unknown","Stockholm"
"LUPE.ST","Lundin Petroleum AB","Unknown","Stockholm"
"BIAP-A.ST","BIOSENSOR -A-","Unknown","Stockholm"
"HEXA-B.ST","Hexagon AB","Unknown","Stockholm"
"PAR-SEK.ST","PA Resources AB","Unknown","Stockholm"
"KARO.ST","Karo Bio AB","Unknown","Stockholm"
"MORP-B.ST","Morphic Technologies AB","Unknown","Stockholm"
"ATCO-B.ST","ATLAS COPCO -B-","Unknown","Stockholm"
"HUSQ-B.ST","Husqvarna AB","Unknown","Stockholm"
"LABS.ST","Labs2 Group AB","Unknown","Stockholm"
"FABG.ST","Fabege AB","Unknown","Stockholm"
"CEAB.ST","COMM ENT SVENSKA","Unknown","Stockholm"
"MEDA-A.ST","Meda AB","Unknown","Stockholm"
"360H.ST","360 Holding AB","Unknown","Stockholm"
"MTRO-SDB-B.ST","Metro Intl","Unknown","Stockholm"
"PXXS-SDB.ST","PEARL EXPLOR SDB","Unknown","Stockholm"
"GETI-B.ST","Getinge AB","Unknown","Stockholm"
"NETI-B.ST","Net Insight AB","Unknown","Stockholm"
"KLED.ST","Kungsleden AB","Unknown","Stockholm"
"KINV-B.ST","Investment AB Kinnevik","Unknown","Stockholm"
"TREL-B.ST","Trelleborg AB","Unknown","Stockholm"
"MTG-B.ST","MTG (Modern Times Group)","Unknown","Stockholm"
"INDU-C.ST","IND.VAERDEN -C-","Unknown","Stockholm"
"CAST.ST","Castellum AB","Unknown","Stockholm"
"JM.ST","JM AB","Unknown","Stockholm"
"RNBS.ST","Rnb Retail And Brands","Unknown","Stockholm"
"SSAB-B.ST","SSAB -B-","Unknown","Stockholm"
"SWED-PREF.ST","SWEDBANK PRF","Unknown","Stockholm"
"IJ.ST","Intrum Justitia AB","Unknown","Stockholm"
"VOLV-A.ST","VOLVO -A-","Unknown","Stockholm"
"NISC-B.ST","Niscayah Group AB","Unknown","Stockholm"
"AXLN.ST","Axlon Group AB","Unknown","Stockholm"
"STE-R.ST","STORA ENSO -R-","Unknown","Stockholm"
"SPEL.ST","PSI SPELINVEST","Unknown","Stockholm"
"DV.ST","Digital Vision AB","Unknown","Stockholm"
"BIOP.ST","BioPhausia AB","Unknown","Stockholm"
"EKTA-B.ST","Elekta AB","Unknown","Stockholm"
"ATI.ST","AQUA TERRENA INTL","Unknown","Stockholm"
"FATV.ST","FASTTV NET","Unknown","Stockholm"
"PEAB-B.ST","PEAB AB","Unknown","Stockholm"
"SAS.ST","SAS","Unknown","Stockholm"
"MOBY.ST","Mobyson AB","Unknown","Stockholm"
"HOLM-B.ST","Holmen Ab","Unknown","Stockholm"
"LOOM-B.ST","LOOMIS B-","Unknown","Stockholm"
"SCOR.ST","Switchcore AB","Unknown","Stockholm"
"RAIL.ST","RAILCARE GROUP","Unknown","Stockholm"
"SCMI.ST","ScanMining AB","Unknown","Stockholm"
"BILL.ST","Billerud Aktiebolag","Unknown","Stockholm"
"VNIL-SDB.ST","VOST NAFTA INV SDB","Unknown","Stockholm"
"PIL-B.ST","Pilum AB","Unknown","Stockholm"
"NOBI.ST","Nobia AB","Unknown","Stockholm"
"NCC-B.ST","NCC -B-","Unknown","Stockholm"
"DNET.ST","DO NETWORKS SVERIGE","Unknown","Stockholm"
"SENS.ST","Sensys Trafic","Unknown","Stockholm"
"RFIG.ST","RADIO FREQ INV GRP","Unknown","Stockholm"
"MTRO-SDB-A.ST","METRO INTL SDR -A-","Unknown","Stockholm"
"RROS.ST","Rottneros AB","Unknown","Stockholm"
"SEAN.ST","SEANET MARI COMMUN","Unknown","Stockholm"
"BWL.ST","Bringwell International AB","Unknown","Stockholm"
"OS.ST","OraSolv AB","Unknown","Stockholm"
"CSN.ST","Cision AB","Unknown","Stockholm"
"ANOT.ST","Anoto Group Ab","Unknown","Stockholm"
"RAST.ST","Rasta Group AB","Unknown","Stockholm"
"47245.ST","Bredband2 i Skandinavien AB","Unknown","Stockholm"
"YILD-B.ST","YIELD -B-","Unknown","Stockholm"
"TRIC.ST","Tricorona Ab","Unknown","Stockholm"
"RATO-B.ST","Ratos AB","Unknown","Stockholm"
"FOLL.ST","FOLLOWIT HOLDING","Unknown","Stockholm"
"AXIS.ST","Axis AB","Unknown","Stockholm"
"INTS.ST","INTIUS","Unknown","Stockholm"
"INDU-A.ST","Industrivarden","Unknown","Stockholm"
"KLOV.ST","Klovern Ab","Unknown","Stockholm"
"HUFV-A.ST","Hufvudstaden Ab","Unknown","Stockholm"
"MIC-SDB.ST","MILLICOM INT. CELL","Unknown","Stockholm"
"ALIV-SDB.ST","Autoliv","Unknown","Stockholm"
"EOS.ST","ENERGYO SOL RUSSIA","Unknown","Stockholm"
"BETS-B.ST","Betsson Ab","Unknown","Stockholm"
"SAAB-B.ST","Saab AB","Unknown","Stockholm"
"PREC.ST","Precise Biometrics Ab","Unknown","Stockholm"
"ASP.ST","Aspiro AB","Unknown","Stockholm"
"IMSG.ST","INTL MARK & SALES","Unknown","Stockholm"
"KAHL.ST","KappAhl Holding AB","Unknown","Stockholm"
"AUH.ST","AU HOLDING","Unknown","Stockholm"
"BEGR.ST","BE Group AB","Unknown","Stockholm"
"BINV.ST","Bioinvent International Ab","Unknown","Stockholm"
"GULD.ST","GULD INVEST NORDEN","Unknown","Stockholm"
"WIHL.ST","Wihlborgs Fastigheter AB","Unknown","Stockholm"
"INVE-A.ST","INVESTOR -A-","Unknown","Stockholm"
"COIL.ST","SVENSKA CAPITAL OIL","Unknown","Stockholm"
"MICR.ST","Micronic Laser System","Unknown","Stockholm"
"NEWA-B.ST","New Wave Group AB","Unknown","Stockholm"
"CAPE.ST","CAPERIO HOLDING","Unknown","Stockholm"
"BORE.ST","BOREVIND","Unknown","Stockholm"
"OPUS.ST","OPUS Prodox AB","Unknown","Stockholm"
"KMIN-B.ST","KOPPARBERG MINE -B-","Unknown","Stockholm"
"BEF-SDB.ST","BLACK EARTH FA SDB","Unknown","Stockholm"
"WISE.ST","WISE GROUP","Unknown","Stockholm"
"XTRA.ST","Xtranet Gruppen i Stockholm AB","Unknown","Stockholm"
"GGF.ST","GLOB GAMING FACT X","Unknown","Stockholm"
"MOD1.ST","Modul 1 Data AB","Unknown","Stockholm"
"MOBS.ST","MOBISPINE","Unknown","Stockholm"
"NET-B.ST","NET ENTERTAINM -B-","Unknown","Stockholm"
"SEB-C.ST","S-E-BANKEN -C-","Unknown","Stockholm"
"REZT.ST","Rezidor Hotel Group AB","Unknown","Stockholm"
"MULQ.ST","Multiq International AB","Unknown","Stockholm"
"NETR.ST","Netrevelation AB","Unknown","Stockholm"
"VKG.ST","VKG Energy Services AB","Unknown","Stockholm"
"CZON-B.ST","CRYPTZONE -B-","Unknown","Stockholm"
"KNOW.ST","Know IT AB","Unknown","Stockholm"
"FING-B.ST","Fingerprint Cards AB","Unknown","Stockholm"
"SCV-A.ST","SCANIA -A-","Unknown","Stockholm"
"BURE.ST","Bure Equity AB","Unknown","Stockholm"
"TIEN.ST","TietoEnator Oyj","Unknown","Stockholm"
"PROE-B.ST","Proffice AB","Unknown","Stockholm"
"ARTI-B.ST","Artimplant AB","Unknown","Stockholm"
"TRAD.ST","TradeDoubler AB","Unknown","Stockholm"
"UNIB-SDB.ST","Unibet Group Plc","Unknown","Stockholm"
"AXFO.ST","Axfood Ab","Unknown","Stockholm"
"EMTR.ST","Emitor Holding AB","Unknown","Stockholm"
"TILG.ST","Tilgin AB","Unknown","Stockholm"
"QMED.ST","Q Med AB","Unknown","Stockholm"
"ROSF-B.ST","ReadSoft AB","Unknown","Stockholm"
"ECEX.ST","EAST CAPITAL EXPLOR","Unknown","Stockholm"
"LIAB.ST","Lindab AB","Unknown","Stockholm"
"HUSQ-A.ST","HUSQVARNA","Unknown","Stockholm"
"ONE.ST","ONE MEDIA NETWORK","Unknown","Stockholm"
"SIGM-B.ST","Sigma Ab","Unknown","Stockholm"
"HPOL-B.ST","HEXPOL -B-","Unknown","Stockholm"
"NEO.ST","NeoNet AB","Unknown","Stockholm"
"47719.ST","MedCap AB","Unknown","Stockholm"
"FEEL.ST","Feelgood Svenska Ab","Unknown","Stockholm"
"43882.ST","Venue Retail Group AB","Unknown","Stockholm"
"TWW-SDB-B.ST","Transcom Worldwide SA","Unknown","Stockholm"
"JELL.ST","JELLO","Unknown","Stockholm"
"STEK.ST","Skanditek","Unknown","Stockholm"
"IMPC.ST","Impact Coatings AB","Unknown","Stockholm"
"46705.ST","Aqeri Holding AB","Unknown","Stockholm"
"NIBE-B.ST","Nibe AB","Unknown","Stockholm"
"WALL-B.ST","Wallenstam Byggn","Unknown","Stockholm"
"ICAP.ST","ICT NORD FASTIG","Unknown","Stockholm"
"RAY-B.ST","RaySearch Laboratories AB","Unknown","Stockholm"
"TELC-B.ST","Teleca Ab","Unknown","Stockholm"
"PCOM-B.ST","PRECOMP SOLUTI -B-","Unknown","Stockholm"
"MCRO.ST","Micro Holding AB","Unknown","Stockholm"
"HOGA-B.ST","Hoganas","Unknown","Stockholm"
"BIOT.ST","BIOTAGE","Unknown","Stockholm"
"BMIM.ST","B&M IMPEX","Unknown","Stockholm"
"HLDX.ST","Haldex AB","Unknown","Stockholm"
"47940.ST","CAPILON","Unknown","Stockholm"
"AAK.ST","Aarhus Karlshamn","Unknown","Stockholm"
"TRIA.ST","TRIMERA","Unknown","Stockholm"
"CATH-B.ST","CATECH -B-","Unknown","Stockholm"
"WSAB-B.ST","WHITE SHARK -B-","Unknown","Stockholm"
"MSON-B.ST","MIDELFART SONES -B-","Unknown","Stockholm"
"NOLA-B.ST","Nolato AB","Unknown","Stockholm"
"CYBE.ST","Cybercom Group Europe Ab","Unknown","Stockholm"
"DIAM-B.ST","Diamyd Medical AB","Unknown","Stockholm"
"SEMC.ST","Semcon AB","Unknown","Stockholm"
"LINE-B.ST","LINEAR -B-","Unknown","Stockholm"
"MTRS.ST","Munters AB","Unknown","Stockholm"
"SHB-B.ST","SV HANDBK -B-","Unknown","Stockholm"
"ACAN-B.ST","Acando AB","Unknown","Stockholm"
"GUNN.ST","Gunnebo AB","Unknown","Stockholm"
"PVE.ST","PV ENTERPRISE SWED","Unknown","Stockholm"
"FUND.ST","FUNDIOR","Unknown","Stockholm"
"SOF-B.ST","Softronic AB","Unknown","Stockholm"
"HIQ.ST","HiQ International AB","Unknown","Stockholm"
"BRO-B.ST","Brostrom AB","Unknown","Stockholm"
"SEAN-BTA-1.ST","SEANET MARIT I09/1","Unknown","Stockholm"
"ORES.ST","Investment Ab Oresund","Unknown","Stockholm"
"HAM-B.ST","HAMMAR INVEST -B-","Unknown","Stockholm"
"GIFT.ST","GIFTTODAY","Unknown","Stockholm"
"NOMI.ST","NORDIC MINES","Unknown","Stockholm"
"SKF-A.ST","SKF -A-","Unknown","Stockholm"
"CBA.ST","CYBAERO","Unknown","Stockholm"
"AF-B.ST","AF AB","Unknown","Stockholm"
"TAGR.ST","TRIGON AGRI","Unknown","Stockholm"
"ACCE-B.ST","Accelerator i Linkoping AB","Unknown","Stockholm"
"CCOR-B.ST","Concordia Maritime AB","Unknown","Stockholm"
"CPNT.ST","CELLPOINT CONNECT","Unknown","Stockholm"
"TAGM-B.ST","TagMaster AB","Unknown","Stockholm"
"TETY.ST","Tethys Oil AB","Unknown","Stockholm"
"ARCH-B.ST","ARCHELON MINERA -B-","Unknown","Stockholm"
"AQLV.ST","AQUALIV","Unknown","Stockholm"
"HAKN.ST","Hakon Invest AB","Unknown","Stockholm"
"HOB-B.ST","HEART OF BRANDS -B-","Unknown","Stockholm"
"SCA-A.ST","SVENSKA CELLULOSA-A","Unknown","Stockholm"
"IFS-B.ST","Industrial & Financial Sy","Unknown","Stockholm"
"NN-B.ST","Nordnet Ab","Unknown","Stockholm"
"RURI-B.ST","Russian Real Estate Investment Co.","Unknown","Stockholm"
"LUCE.ST","LUCENT OIL","Unknown","Stockholm"
"WIKM.ST","WIKING MINERAL","Unknown","Stockholm"
"TAUR-B.ST","TAURUS ENERGY -B-","Unknown","Stockholm"
"ACTI.ST","Active Biotech AB","Unknown","Stockholm"
"TIGR.ST","TIGRAN TECHNOLOG.","Unknown","Stockholm"
"CNTA.ST","Connecta AB","Unknown","Stockholm"
"STVA-B.ST","STAR VAULT -B-","Unknown","Stockholm"
"TPEP.ST","Tripep Holding AB","Unknown","Stockholm"
"GIM.ST","GETUPDATED INT MKT","Unknown","Stockholm"
"SCRI-B.ST","SCRIBONA -B-","Unknown","Stockholm"
"ENEA.ST","Enea Ab","Unknown","Stockholm"
"BLIN.ST","Biolin Ab","Unknown","Stockholm"
"BILI-A.ST","Bilia AB","Unknown","Stockholm"
"CARD.ST","Cardo AB","Unknown","Stockholm"
"SMAQ-B.ST","Smarteq AB","Unknown","Stockholm"
"ORX.ST","Orexo AB","Unknown","Stockholm"
"PREV-B.ST","Prevas AB","Unknown","Stockholm"
"JLT.ST","Jlt Mobile Computers Ab","Unknown","Stockholm"
"RBET.ST","Redbet Holding AB","Unknown","Stockholm"
"RABT-B.ST","Rederi AB Transatlantic","Unknown","Stockholm"
"RUN.ST","RUNAWARE","Unknown","Stockholm"
"BIOG-B.ST","Biogaia Ab","Unknown","Stockholm"
"EDIC-B.ST","EDI COMP","Unknown","Stockholm"
"ENDO.ST","ENDOMINES","Unknown","Stockholm"
"NSP-B.ST","Nordic Service Partners Holding AB","Unknown","Stockholm"
"CAPL.ST","CATERING PL I SKAND","Unknown","Stockholm"
"ANOD-B.ST","AddNode AB","Unknown","Stockholm"
"SYSE.ST","SYSTEMSEPARATION","Unknown","Stockholm"
"ODD.ST","ODD MOLLY INT","Unknown","Stockholm"
"EVIP-B.ST","EUROVIP GROUP -B-","Unknown","Stockholm"
"AZA.ST","Avanza Bank Holding AB","Unknown","Stockholm"
"LBI.ST","LBI International AB","Unknown","Stockholm"
"SCMI-BTA-1.ST","SCANMINING I07 -1-","Unknown","Stockholm"
"PRCO-B.ST","PRECIO SYS -B-","Unknown","Stockholm"
"SERS-B.ST","SWEDE RESOURCES -B-","Unknown","Stockholm"
"BBTO-B.ST","B&B TOOLS AB","Unknown","Stockholm"
"EUCI.ST","EUROCINE VACCINES","Unknown","Stockholm"
"FPIP.ST","FormPipe Software AB","Unknown","Stockholm"
"BORG.ST","Bjorn Borg AB","Unknown","Stockholm"
"PART.ST","Partner Tech","Unknown","Stockholm"
"AERO-B.ST","AEROCRINE -B-","Unknown","Stockholm"
"OPCO.ST","Opcon AB","Unknown","Stockholm"
"ELN.ST","ELLEN","Unknown","Stockholm"
"HEMX.ST","Hemtex AB","Unknown","Stockholm"
"INTO-B.ST","Intoi AB","Unknown","Stockholm"
"CLAS-B.ST","Clas Ohlson Ab","Unknown","Stockholm"
"IBS-B.ST","IBS AB","Unknown","Stockholm"
"TWW-SDB-A.ST","TRANSCOM WW -A- SDR","Unknown","Stockholm"
"BEO-SDB.ST","BEOWULF MIN SDB","Unknown","Stockholm"
"SDAB-B.ST","Seamless Distribution AB","Unknown","Stockholm"
"HIFA-B.ST","Hifab Group AB","Unknown","Stockholm"
"AFFS-B.ST","Affarsstrategerna","Unknown","Stockholm"
"GHP.ST","GLOB HEALTH PARTNER","Unknown","Stockholm"
"HOME-B.ST","HOMEMAID -B-","Unknown","Stockholm"
"BVT.ST","Biovitrum AB","Unknown","Stockholm"
"HQ.ST","HQ AB","Unknown","Stockholm"
"ELAN-B.ST","Elanders AB","Unknown","Stockholm"
"LUND-B.ST","Lundbergforetagen","Unknown","Stockholm"
"SKIS-B.ST","Skistar","Unknown","Stockholm"
"ALPH.ST","ALPHAHELIX MOLE DIA","Unknown","Stockholm"
"SCIR-B.ST","SCIROCCO -B-","Unknown","Stockholm"
"KWALB.ST","KINDWALLS BIL -B-","Unknown","Stockholm"
"MVIR-B.ST","Medivir AB","Unknown","Stockholm"
"PDXE.ST","Paradox Entertainment AB","Unknown","Stockholm"
"OFAB.ST","ONSKEFOTO","Unknown","Stockholm"
"TICK.ST","Ticket Travel Group AB","Unknown","Stockholm"
"VICP.ST","VICTORIA PARK","Unknown","Stockholm"
"TRAT-B.ST","TRACTECHNOLOGY -B-","Unknown","Stockholm"
"AVON.ST","AVONOVA SVERIGE","Unknown","Stockholm"
"ORC.ST","ORC Software AB","Unknown","Stockholm"
"VNV.ST","VITA NOVA VENTURES","Unknown","Stockholm"
"WESC.ST","WESC","Unknown","Stockholm"
"RTIM-B.ST","Rorvik Timber Ab","Unknown","Stockholm"
"ATEL.ST","ALLTELE ALLM SVENSK","Unknown","Stockholm"
"DIOS.ST","Dios Fastigheter AB","Unknown","Stockholm"
"FPAR.ST","Fast Partner Ab","Unknown","Stockholm"
"SVIK.ST","Studsvik AB","Unknown","Stockholm"
"BIO1-B.ST","BIOMETRON -B-","Unknown","Stockholm"
"CEVI.ST","CELLAVISION","Unknown","Stockholm"
"POOL-B.ST","Poolia AB","Unknown","Stockholm"
"AGIS.ST","AGELLIS GROUP","Unknown","Stockholm"
"INDT.ST","Indutrade Ab","Unknown","Stockholm"
"DUNI.ST","DUNI","Unknown","Stockholm"
"25318.ST","Dacke Group Nordic AB","Unknown","Stockholm"
"EMP-B.ST","EMPIRE","Unknown","Stockholm"
"SVOL-B.ST","Svolder AB","Unknown","Stockholm"
"FRAG-B.ST","FRAGUS GROUP -B-","Unknown","Stockholm"
"DURC-B.ST","Duroc AB","Unknown","Stockholm"
"LJGR-B.ST","Atrium Ljungberg AB","Unknown","Stockholm"
"LAGR-B.ST","Lagercrantz Group AB","Unknown","Stockholm"
"INRS-B.ST","INRIS MOBILE -B-","Unknown","Stockholm"
"ORTI-B.ST","Ortivus AB","Unknown","Stockholm"
"SRAB-B.ST","SRAB SHIP B","Unknown","Stockholm"
"CZON-BTA-B.ST","CRYPTZONE -B- I08","Unknown","Stockholm"
"TRAC-B.ST","Traction AB","Unknown","Stockholm"
"G5EN.ST","G5 ENTERTAINMENT","Unknown","Stockholm"
"SWEC-B.ST","SWECO -B-","Unknown","Stockholm"
"NOVU.ST","NOVUS GROUP INTL","Unknown","Stockholm"
"GENO.ST","GENOVIS","Unknown","Stockholm"
"CLA-B.ST","CLOETTA -B-","Unknown","Stockholm"
"49033.ST","DANNEMORA MINER -B-","Unknown","Stockholm"
"SECO-B.ST","Seco Tools AB","Unknown","Stockholm"
"LATO-B.ST","Investment Ab Latour","Unknown","Stockholm"
"ACAD-B.ST","AcadeMedia AB","Unknown","Stockholm"
"SIR.ST","Svensk Internetrekrytering AB","Unknown","Stockholm"
"DONE.ST","DONE MGT AND SYST A","Unknown","Stockholm"
"MIR.ST","MIRIS HOLDING","Unknown","Stockholm"
"PACT.ST","Proact It Group AB","Unknown","Stockholm"
"NOVE.ST","Novestra AB","Unknown","Stockholm"
"COIL-BTA.ST","SVENSKA CAP I08","Unknown","Stockholm"
"SAGA-PREF.ST","SAGAX","Unknown","Stockholm"
"BRIO-B.ST","Brio AB","Unknown","Stockholm"
"AVEG-B.ST","AVEGA GROUP -B-","Unknown","Stockholm"
"CTT.ST","Ctt Systems","Unknown","Stockholm"
"HMS.ST","HMS NETWORKS","Unknown","Stockholm"
"ACAP-B.ST","ACAP INVEST -B-","Unknown","Stockholm"
"PROB.ST","Probi Ab","Unknown","Stockholm"
"VBG-B.ST","VBG AB","Unknown","Stockholm"
"STRI-B.ST","1-618 STRICT -B-","Unknown","Stockholm"
"HOPR.ST","Home Properties AB","Unknown","Stockholm"
"VARY.ST","Varyag Resources AB","Unknown","Stockholm"
"MELK.ST","Melker Schorling AB","Unknown","Stockholm"
"KLIC-B.ST","KLICK DATA -B-","Unknown","Stockholm"
"ULYS.ST","ULYSS","Unknown","Stockholm"
"RCLN-B.ST","RAYCLINIC -B-","Unknown","Stockholm"
"WCSI.ST","WORLD CLASS INT","Unknown","Stockholm"
"VITR.ST","Vitrolife AB","Unknown","Stockholm"
"VALU.ST","VALUETREE HLDNGS","Unknown","Stockholm"
"NEXU.ST","Technology Nexus AB","Unknown","Stockholm"
"24H.ST","24H MOVIES SWEDEN","Unknown","Stockholm"
"REJL-B.ST","Rejlerkoncernen AB","Unknown","Stockholm"
"NVP.ST","NEUROVIVE PHARMA","Unknown","Stockholm"
"STE-A.ST","STORA ENSO -A-","Unknown","Stockholm"
"SECT-B.ST","Sectra AB","Unknown","Stockholm"
"DEVI.ST","DEVICOM","Unknown","Stockholm"
"DGC.ST","DGCONE","Unknown","Stockholm"
"CRAD-B.ST","C-RAD -B-","Unknown","Stockholm"
"SINT.ST","Sintercast AB","Unknown","Stockholm"
"COOL-B.ST","COOLGUARD -B-","Unknown","Stockholm"
"ODENB.ST","ODEN CONTROL -B-","Unknown","Stockholm"
"TP.ST","Travelpartner AB","Unknown","Stockholm"
"BONG.ST","Bong Ljungdahl AB","Unknown","Stockholm"
"PHON.ST","Phonera AB","Unknown","Stockholm"
"BRIN-B.ST","Brinova Fastigheter AB","Unknown","Stockholm"
"MPEN.ST","MEDICPEN","Unknown","Stockholm"
"IDL-B.ST","IDL BIOTECH -B-","Unknown","Stockholm"
"IPL.ST","Insplanet AB","Unknown","Stockholm"
"MEKO.ST","MEKONOMEN","Unknown","Stockholm"
"DORO.ST","Doro AB","Unknown","Stockholm"
"BAHN-B.ST","BAHNHOF -B-","Unknown","Stockholm"
"MEAB-B.ST","Malmbergs Elektriska","Unknown","Stockholm"
"ALOK-B.ST","ALLOKTON -B-","Unknown","Stockholm"
"DIBS.ST","DIBS PAYMENT SERV","Unknown","Stockholm"
"ADDT-B.ST","Addtech AB","Unknown","Stockholm"
"ICM.ST","ICM KUNGSHOLM","Unknown","Stockholm"
"TRTI.ST","TRETTI","Unknown","Stockholm"
"LEDS-B.ST","Ledstriernan","Unknown","Stockholm"
"ALME.ST","ALBIN METALS","Unknown","Stockholm"
"AMH2-B.ST","AMHULT 2 -B-","Unknown","Stockholm"
"SBC.ST","SBC Sveriges BostadsrattsCentrum AB","Unknown","Stockholm"
"NCAS-B.ST","NOVACAST -B-","Unknown","Stockholm"
"HEDS.ST","HEDSON TECH INTERNA","Unknown","Stockholm"
"NILG-B.ST","Nilorngruppen","Unknown","Stockholm"
"2ENT.ST","2Entertain AB","Unknown","Stockholm"
"MIDW-B.ST","Midway Holding","Unknown","Stockholm"
"LUVA.ST","Avensia Innovation AB","Unknown","Stockholm"
"DRIL.ST","Drillcon AB","Unknown","Stockholm"
"LMED.ST","LinkMed AB","Unknown","Stockholm"
"CONS-B.ST","Consilium AB","Unknown","Stockholm"
"CONPB.ST","CONPHARM -B-","Unknown","Stockholm"
"CLHO.ST","CARL LAMM HLDGN","Unknown","Stockholm"
"RES-B.ST","RESURS CNC","Unknown","Stockholm"
"HMED.ST","HANSA MEDICAL","Unknown","Stockholm"
"HL-B.ST","HL Display AB","Unknown","Stockholm"
"AUDV-B.ST","Audiodev Ab","Unknown","Stockholm"
"SWOL-B.ST","Swedol AB","Unknown","Stockholm"
"KABE-B.ST","Kabe Husvagnar","Unknown","Stockholm"
"SYSR.ST","SYSTEMAIR","Unknown","Stockholm"
"MAHL.ST","MAHLER INTERNATIONA","Unknown","Stockholm"
"XCG-B.ST","XTRACOM CONSUL -B-","Unknown","Stockholm"
"STRM-B.ST","STORMFAGELN -B-","Unknown","Stockholm"
"ELV.ST","ELVERKET VALLENTUNA","Unknown","Stockholm"
"TOWO.ST","TOWORK SVERIGE","Unknown","Stockholm"
"SJR-B.ST","SKA JOUR & REKR -B-","Unknown","Stockholm"
"DIAH.ST","DIADROM HOLDING","Unknown","Stockholm"
"SAFE.ST","SAFE AT SEA","Unknown","Stockholm"
"AQ.ST","AROS QUALITY GROUP","Unknown","Stockholm"
"INPH.ST","INNATE PHARMACEUTIC","Unknown","Stockholm"
"BTS-B.ST","Bts Groupe Ab","Unknown","Stockholm"
"BEIA-B.ST","Beijer Alma AB","Unknown","Stockholm"
"XRF-B.ST","XRF ANALYTICAL  -B-","Unknown","Stockholm"
"XPON.ST","Xponcard Group Ab","Unknown","Stockholm"
"WINT.ST","WEST INTERNATIONAL","Unknown","Stockholm"
"ACOM.ST","A Com","Unknown","Stockholm"
"55354.ST","TRYGGA HEM SKANDI","Unknown","Stockholm"
"NCC-A.ST","NCC AB","Unknown","Stockholm"
"FHEM-B.ST","FORSHEM GROUP -B-","Unknown","Stockholm"
"ICTA-B.ST","Intellecta Ab","Unknown","Stockholm"
"UTG.ST","UNL TRAVEL GROUP","Unknown","Stockholm"
"ENJO-B.ST","ENJOY GROUP -B-","Unknown","Stockholm"
"ADDV.ST","AddVise Inredning Skyddsven","Unknown","Stockholm"
"ANNE.ST","ANNEHEM FASTIGHETER","Unknown","Stockholm"
"3L.ST","3L SYSTEM","Unknown","Stockholm"
"HAV-B.ST","Havsfrun Investment AB","Unknown","Stockholm"
"NTEK-B.ST","Novotek AB","Unknown","Stockholm"
"DEFL-B.ST","DEFLAMO -B-","Unknown","Stockholm"
"BRG-B.ST","Bergs Timber AB","Unknown","Stockholm"
"GENI.ST","GENERIC SWEDEN","Unknown","Stockholm"
"EURO.ST","EUROCON CONSULTING","Unknown","Stockholm"
"CHER-B.ST","CHERRYFORETAGEN -B-","Unknown","Stockholm"
"SAEK.ST","Saki","Unknown","Stockholm"
"55332.ST","EWORK SCANDINAVIA","Unknown","Stockholm"
"SVED-B.ST","Svedbergs i Dalstorp AB","Unknown","Stockholm"
"ELGR-B.ST","Elektronik Gruppen AB","Unknown","Stockholm"
"MROX-A.ST","MEDIROX -A-","Unknown","Stockholm"
"LAMM-B.ST","Lammhults Design Group AB","Unknown","Stockholm"
"WAFV-B.ST","Boras Wafveri AB","Unknown","Stockholm"
"BEIJ-B.ST","Beijer G & L","Unknown","Stockholm"
"SEZI.ST","SENZIME","Unknown","Stockholm"
"ELEC.ST","Electra Gruppen AB","Unknown","Stockholm"
"CAMP.ST","NCS NORDIC CAMPING","Unknown","Stockholm"
"HEBA-B.ST","HEBA Fastighets AB","Unknown","Stockholm"
"GFUN.ST","GLOBALFUN","Unknown","Stockholm"
"BEIN-B.ST","BESTIN PREPACK -B-","Unknown","Stockholm"
"STIL.ST","Stille AB","Unknown","Stockholm"
"MSC-B.ST","MSC Konsult AB","Unknown","Stockholm"
"SCRI-A.ST","Scribona AB","Unknown","Stockholm"
"MEPR.ST","MEDIAPROVIDER SCA","Unknown","Stockholm"
"TEL2-A.ST","TELE2 -A-","Unknown","Stockholm"
"RBAB-B.ST","RELATION & BRAN -B-","Unknown","Stockholm"
"CATE.ST","Catena AB","Unknown","Stockholm"
"DIN.ST","Din Bostad Sverige AB","Unknown","Stockholm"
"OEM-B.ST","OEM International AB","Unknown","Stockholm"
"FIRE.ST","FIREFLY","Unknown","Stockholm"
"ELOS-B.ST","Elos AB","Unknown","Stockholm"
"BALD-B.ST","Fastighets AB Balder","Unknown","Stockholm"
"NNH.ST","NEW NORD HEALTHBRAN","Unknown","Stockholm"
"XANO-B.ST","Xano Industri","Unknown","Stockholm"
"H1-B.ST","H1 COMMUNICATIO -B-","Unknown","Stockholm"
"ITAB-B.ST","Itab Shop Concept AB","Unknown","Stockholm"
"BELE.ST","Beijer Electronics AB","Unknown","Stockholm"
"FIX-B.ST","Fenix Outdoor Ab","Unknown","Stockholm"
"GENL.ST","GENLINE HLDGN","Unknown","Stockholm"
"UFLX-B.ST","Uniflex AB","Unknown","Stockholm"
"NAXS.ST","NAXS NORD ACCESS FD","Unknown","Stockholm"
"SAGA.ST","AB Sagax","Unknown","Stockholm"
"DAG.ST","Dagon AB","Unknown","Stockholm"
"FAG.ST","Fagerhult AB","Unknown","Stockholm"
"LOVI.ST","LOVISAGRUVAN","Unknown","Stockholm"
"NOTE.ST","Note AB","Unknown","Stockholm"
"JEEV.ST","Jeeves Informations System","Unknown","Stockholm"
"NMAN.ST","NEDERMAN HOLDING","Unknown","Stockholm"
"VIT-B.ST","VITEC SOFTWA GR -B-","Unknown","Stockholm"
"FOHFB.ST","FORSSTROM H.FR. -B-","Unknown","Stockholm"
"PROF-B.ST","Profil gruppen","Unknown","Stockholm"
"VFS-B.ST","VARML FIN SVE -B-","Unknown","Stockholm"
"MSON-A.ST","Midelfart Sonesson AB","Unknown","Stockholm"
"47240.ST","INVISIO Headsets AB","Unknown","Stockholm"
"GVKO-B.ST","Geveko AB","Unknown","Stockholm"
"NON.ST","Netonnet Ab","Unknown","Stockholm"
"RATO-A.ST","RATOS -A-","Unknown","Stockholm"
"VINO.ST","VINOVO","Unknown","Stockholm"
"ELUX-A.ST","ELECTROLUX -A-","Unknown","Stockholm"
"HUMA.ST","Human Care HC Ab","Unknown","Stockholm"
"LATO-A.ST","LATOUR INVEST -A-","Unknown","Stockholm"
"LUXO-SDB.ST","Luxonen S.A.","Unknown","Stockholm"
"WJET.ST","WATER JET SWEDEN","Unknown","Stockholm"
"HBY-B.ST","HAMMARBY BANDY -B-","Unknown","Stockholm"
"ACAP-A.ST","ACAP Invest AB","Unknown","Stockholm"
"HOLM-A.ST","HOLMEN -A-","Unknown","Stockholm"
"MTG-A.ST","MODERN TIMES GR -A-","Unknown","Stockholm"
"SKMO.ST","Skane Mollan","Unknown","Stockholm"
"ORTI-A.ST","ORTIVUS -A-","Unknown","Stockholm"
"IFS-A.ST","IFS -A-","Unknown","Stockholm"
"HUFV-C.ST","HUFVUDSTADEN -C-","Unknown","Stockholm"
"RTIMB.ST","Rorvik Timber Ab","Unknown","Stockholm"
"ATCOB.ST","ATLAS COPCO -B-","Unknown","Stockholm"
"MSCB.ST","MSC Konsult AB","Unknown","Stockholm"
"STER.ST","STORA ENSO OYJ","Unknown","Stockholm"
"HOGAB.ST","Hoganas","Unknown","Stockholm"
"SVEDB.ST","Svedbergs i Dalstorp AB","Unknown","Stockholm"
"SEBA.ST","S E Banken","Unknown","Stockholm"
"TEL2B.ST","Tele2 Ab","Unknown","Stockholm"
"CFAB.ST","Fazer Konfektyr Service AB","Unknown","Stockholm"
"SCAB.ST","SCA Sv Cellulosa","Unknown","Stockholm"
"INDUA.ST","Industrivarden","Unknown","Stockholm"
"INVEB.ST","Investor AB","Unknown","Stockholm"
"EXPAB.ST","Lammhults Design Group AB","Unknown","Stockholm"
"MEKOB.ST","Mekonomen AB","Unknown","Stockholm"
"TRACB.ST","Traction AB","Unknown","Stockholm"
"PIL-BTA1-B.ST","PILUM -B- I08","Unknown","Stockholm"
"BETS-IL-B.ST","BETSSON -B- RED","Unknown","Stockholm"
"ORTIB.ST","Ortivus AB","Unknown","Stockholm"
"STEA.ST","STORA ENSO OYJ","Unknown","Stockholm"
"NEO-IL-2.ST","NEONET -B- RED.08/2","Unknown","Stockholm"
"NEO-IL-1.ST","NEONET -B- RED 08/1","Unknown","Stockholm"
"RATOB.ST","Ratos AB","Unknown","Stockholm"
"CONSB.ST","Consilium AB","Unknown","Stockholm"
"WALLB.ST","Wallenstam Byggn","Unknown","Stockholm"
"PREVB.ST","Prevas AB","Unknown","Stockholm"
"AUDVB.ST","Audiodev Ab","Unknown","Stockholm"
"KAHL-IL.ST","KAPPAHL HLDG RED.","Unknown","Stockholm"
"PROEB.ST","Proffice AB","Unknown","Stockholm"
"HLB.ST","HL Display AB","Unknown","Stockholm"
"KLED-IL.ST","KUNGSLEDEN RED.","Unknown","Stockholm"
"NILGB.ST","Nilorngruppen","Unknown","Stockholm"
"FATV-BTA.ST","FASTTV NET I07","Unknown","Stockholm"
"POOLB.ST","Poolia AB","Unknown","Stockholm"
"BROB.ST","Brostrom AB","Unknown","Stockholm"
"SIGMB.ST","Sigma Ab","Unknown","Stockholm"
"IBSB.ST","IBS AB","Unknown","Stockholm"
"EVIP-A.ST","EUROVIP GROUP -A-","Unknown","Stockholm"
"41065.ST","EOS RUSSIA I07","Unknown","Stockholm"
"HEBAB.ST","HEBA Fastighets AB","Unknown","Stockholm"
"NETIB.ST","Net Insight AB","Unknown","Stockholm"
"40331.ST","MUNTERS RED. 07","Unknown","Stockholm"
"HAVB.ST","Havsfrun Investment AB","Unknown","Stockholm"
"SCV-IL-A.ST","SCANIA -A- RED.08","Unknown","Stockholm"
"SCV-IL-B.ST","SCANIA -B- RED 08","Unknown","Stockholm"
"VOLVB.ST","Volvo AB","Unknown","Stockholm"
"SKFB.ST","SKF AB","Unknown","Stockholm"
"SECOB.ST","Seco Tools AB","Unknown","Stockholm"
"DURCB.ST","Duroc AB","Unknown","Stockholm"
"ELAN-BTA-B.ST","ELANDERS -B- I07","Unknown","Stockholm"
"TELCB.ST","Teleca Ab","Unknown","Stockholm"
"EKTAB.ST","Elekta AB","Unknown","Stockholm"
"KRKB.ST","STAVRULLEN -B-","Unknown","Stockholm"
"STAV-B.ST","STAVRULLEN FINA -B-","Unknown","Stockholm"
"RSOFB.ST","ReadSoft AB","Unknown","Stockholm"
"HEXAB.ST","Hexagon AB","Unknown","Stockholm"
"TRELB.ST","Trelleborg AB","Unknown","Stockholm"
"ARTIB.ST","Artimplant AB","Unknown","Stockholm"
"GETIB.ST","Getinge AB","Unknown","Stockholm"
"MTGA.ST","MODERN TIMES GROUP AB","Unknown","Stockholm"
"LAGRB.ST","Lagercrantz Group AB","Unknown","Stockholm"
"THALB.ST","Hifab Group AB","Unknown","Stockholm"
"VBGB.ST","VBG AB","Unknown","Stockholm"
"NEWAB.ST","New Wave Group AB","Unknown","Stockholm"
"SKAB.ST","Skanska AB","Unknown","Stockholm"
"BRIOB.ST","Brio AB","Unknown","Stockholm"
"ACAPB.ST","ACAP INVEST -B-","Unknown","Stockholm"
"SCRIB.ST","SCRIBONA -B-","Unknown","Stockholm"
"MVIRB.ST","Medivir AB","Unknown","Stockholm"
"FIXB.ST","Fenix Outdoor Ab","Unknown","Stockholm"
"BEIAB.ST","Beijer Alma AB","Unknown","Stockholm"
"RAYB.ST","RaySearch Laboratories AB","Unknown","Stockholm"
"899736.ST","Fortum Corporation","Unknown","Stockholm"
"MEABB.ST","Malmbergs Elektriska","Unknown","Stockholm"
"NNB.ST","Nordnet Ab","Unknown","Stockholm"
"LEDSB.ST","Ledstriernan","Unknown","Stockholm"
"DIAMB.ST","Diamyd Medical AB","Unknown","Stockholm"
"GVKOB.ST","Geveko AB","Unknown","Stockholm"
"OEMB.ST","OEM International AB","Unknown","Stockholm"
"ASSAB.ST","Assa Abloy AB","Unknown","Stockholm"
"HMB.ST","Hennes & Mauritz AB","Unknown","Stockholm"
"SECUB.ST","Securitas AB","Unknown","Stockholm"
"BILIA.ST","Bilia AB","Unknown","Stockholm"
"PRICB.ST","Pricer AB","Unknown","Stockholm"
"NCCB.ST","NCC -B-","Unknown","Stockholm"
"MEDAA.ST","Meda AB","Unknown","Stockholm"
"LUNDB.ST","Lundbergforetagen","Unknown","Stockholm"
"ADDTB.ST","Addtech AB","Unknown","Stockholm"
"KABEB.ST","Kabe Husvagnar","Unknown","Stockholm"
"FINGB.ST","Fingerprint Cards AB","Unknown","Stockholm"
"IFSB.ST","Industrial & Financial Sy","Unknown","Stockholm"
"BERGB.ST","B&B TOOLS AB","Unknown","Stockholm"
"WEDB.ST","Venue Retail Group AB","Unknown","Stockholm"
"SHBA.ST","Svenska Handelsbanken AB","Unknown","Stockholm"
"LJGRB.ST","Atrium Ljungberg AB","Unknown","Stockholm"
"SECTB.ST","Sectra AB","Unknown","Stockholm"
"WAFVB.ST","Boras Wafveri AB","Unknown","Stockholm"
"SKISB.ST","Skistar","Unknown","Stockholm"
"NTEKB.ST","Novotek AB","Unknown","Stockholm"
"ACADB.ST","AcadeMedia AB","Unknown","Stockholm"
"NIBEB.ST","Nibe AB","Unknown","Stockholm"
"MIDWB.ST","Midway Holding","Unknown","Stockholm"
"HUFVA.ST","Hufvudstaden Ab","Unknown","Stockholm"
"NOCMB.ST","Intoi AB","Unknown","Stockholm"
"AFFSB.ST","Affarsstrategerna","Unknown","Stockholm"
"ANGPB.ST","AF AB","Unknown","Stockholm"
"CLASB.ST","Clas Ohlson Ab","Unknown","Stockholm"
"PEABB.ST","PEAB AB","Unknown","Stockholm"
"HOLMB.ST","Holmen Ab","Unknown","Stockholm"
"SOFB.ST","Softronic AB","Unknown","Stockholm"
"SWECB.ST","SWECO -B-","Unknown","Stockholm"
"BIOGB.ST","Biogaia Ab","Unknown","Stockholm"
"PROFB.ST","Profil gruppen","Unknown","Stockholm"
"WESTB.ST","Elos AB","Unknown","Stockholm"
"SAABB.ST","Saab AB","Unknown","Stockholm"
"ELUXB.ST","Electrolux AB","Unknown","Stockholm"
"SVOLB.ST","Svolder AB","Unknown","Stockholm"
"NOLAB.ST","Nolato AB","Unknown","Stockholm"
"LATOB.ST","Investment Ab Latour","Unknown","Stockholm"
"ELANB.ST","Elanders AB","Unknown","Stockholm"
"VITB.ST","VITEC I UMEA -B-","Unknown","Stockholm"
"CCORB.ST","Concordia Maritime AB","Unknown","Stockholm"
"SAND.ST","Sandvik AB","Unknown","Stockholm"
"ABB.ST","ABB Ltd.","Unknown","Stockholm"
"SWMA.ST","Swedish Match AB","Unknown","Stockholm"
"AZN.ST","AstraZeneca","Unknown","Stockholm"
"NOK1V.ST","Nokia Oyj","Unknown","Stockholm"
"ORI-SDB.ST","Oriflame Cosmetics S.A","Unknown","Stockholm"
"OLDM.ST","Old Mutual Plc","Unknown","Stockholm"
"EFFN.ST","Effnet Holding AB","Unknown","Stockholm"
"OXGN.ST","Oxigene","Unknown","Stockholm"
"ERIC-A.ST","ERICSSON -A-","Unknown","Stockholm"
"PSI-SEK.ST","PSI Group ASA","Unknown","Stockholm"
"KINV-A.ST","KINNEVIK INV. -A-","Unknown","Stockholm"
"LLSW-B.ST","LIGHTLAB SWEDEN -B-","Unknown","Stockholm"
"PFE.ST","Pfizer","Unknown","Stockholm"
"CONPA.ST","CONPHARM -A-","Unknown","Stockholm"
"62622.ST","VOST NAFT SDR I09/2","Unknown","Stockholm"
"SWECA.ST","Sweco AB","Unknown","Stockholm"
"SVOLA.ST","SVOLDER -A-","Unknown","Stockholm"
"LWSN.ST","Lawson Software Inc","Unknown","Stockholm"
"IFSA.ST","INDUSTRIAL AND FINANCIAL SYSTEMS IFS AB","Unknown","Stockholm"
"INVEA.ST","INVESTOR -A-","Unknown","Stockholm"
"RNBS-BTA.ST","RNB RET&BRA I08","Unknown","Stockholm"
"ATCOA.ST","Atlas Copco AB","Unknown","Stockholm"
"SCAA.ST","SVENSKA CELLULOSA SCA AB","Unknown","Stockholm"
"SSABB.ST","SSAB SWEDISH STEEL","Unknown","Stockholm"
"INDUC.ST","INDUSTRIVAERDEN AB","Unknown","Stockholm"
"SCRIA.ST","Scribona AB","Unknown","Stockholm"
"NCCA.ST","NCC AB","Unknown","Stockholm"
"SHBB.ST","SVENSKA HANDELSBANKEN AB","Unknown","Stockholm"
"ELUXA.ST","ELECTROLUX -A-","Unknown","Stockholm"
"LATOA.ST","LATOUR INVESTMENT AB","Unknown","Stockholm"
"VOLVA.ST","VOLVO -A-","Unknown","Stockholm"
"SCVA.ST","SCANIA -A-","Unknown","Stockholm"
"SKFA.ST","SVENSKA KULLAGERFABRIKEN SKF AB","Unknown","Stockholm"
"37341.ST","DIGITAL VIS RTS 09","Unknown","Stockholm"
"SEBC.ST","SKANDINAVISKA ENSKILDA BANKEN","Unknown","Stockholm"
"DV-BTA-1.ST","DIGITAL VISIO I09/1","Unknown","Stockholm"
"MTGB.ST","MTG (Modern Times Group)","Unknown","Stockholm"
"HOLMA.ST","HOLMEN -A-","Unknown","Stockholm"
"TEL2A.ST","TELE2 -A-","Unknown","Stockholm"
"62893.ST","KOPPARBG MIN RTS09","Unknown","Stockholm"
"RATOA.ST","RATOS -A-","Unknown","Stockholm"
"585671.ST","Vostok Gas Ltd.","Unknown","Stockholm"
"XACT-BULL-2.ST","XACT BULL 2","Unknown","Stockholm"
"XACT-BULL.ST","XACT BULL","Unknown","Stockholm"
"XACT-BEAR-2.ST","XACT BEAR 2","Unknown","Stockholm"
"XACT-BEAR.ST","XACT BEAR","Unknown","Stockholm"
