"Code","Symbol","Industry","Board"
"FORB.BR","Fortis","Unknown","Brussels"
"ABI.BR","Anheuser-Busch InBev","Unknown","Brussels"
"NTONS.BR","NEWTON 21 EUR.STRIP","Unknown","Brussels"
"DEXB.BR","Dexia SA","Unknown","Brussels"
"ACCB.BR","Accentis","Unknown","Brussels"
"KBC.BR","KBC Groupe SA","Unknown","Brussels"
"AGFB.BR","Agfa Gevaert Nv","Unknown","Brussels"
"UMI.BR","UMICORE","Unknown","Brussels"
"NYR.BR","NYRSTAR","Unknown","Brussels"
"BELG.BR","Belgacom SA","Unknown","Brussels"
"ABIS.BR","ANH.-B.INBEV STRIP","Unknown","Brussels"
"DELB.BR","Delhaize Group SA","Unknown","Brussels"
"UCB.BR","UCB SA","Unknown","Brussels"
"REA.BR","Realdolmen N.V.","Unknown","Brussels"
"TNET.BR","Telenet Group","Unknown","Brussels"
"KBCA.BR","KBC ANCORA","Unknown","Brussels"
"MOBB.BR","Mobistar SA","Unknown","Brussels"
"SOLB.BR","Solvay SA","Unknown","Brussels"
"GBLB.BR","Groupe Bruxelles Lambert SA","Unknown","Brussels"
"DUR.BR","DRDGOLD","Unknown","Brussels"
"EURN.BR","Euronav","Unknown","Brussels"
"CMB.BR","Compagnie Maritime Belge N.V.","Unknown","Brussels"
"GLPG.BR","Galapagos N.V.","Unknown","Brussels"
"BEKB.BR","Bekaert SA","Unknown","Brussels"
"OPTI.BR","Option NV","Unknown","Brussels"
"OME.BR","Omega Pharma","Unknown","Brussels"
"RHJI.BR","RHJ International SA","Unknown","Brussels"
"NAT.BR","Nationale A Portefeuille","Unknown","Brussels"
"COLR.BR","Colruyt SA","Unknown","Brussels"
"SPEC.BR","Spector","Unknown","Brussels"
"TESB.BR","Tessenderlo Chemie","Unknown","Brussels"
"TNETS.BR","TELENET GR.H.STRIP","Unknown","Brussels"
"ACKB.BR","Ackermans & Van Haaren","Unknown","Brussels"
"EVS.BR","Evs Broadcasting Equip","Unknown","Brussels"
"SOF.BR","SOFINA SA","Unknown","Brussels"
"GFLB.BR","GOLD FIELDS IDR","Unknown","Brussels"
"THR.BR","ThromboGenics NV","Unknown","Brussels"
"UMIS.BR","UMICORE STRIP","Unknown","Brussels"
"GIMB.BR","GIMV","Unknown","Brussels"
"BAR.BR","Barco","Unknown","Brussels"
"GSZBS.BR","GAZ DE FRANCE STRIP","Unknown","Brussels"
"RCUS.BR","ARSEUS","Unknown","Brussels"
"ABLX.BR","ABLYNX","Unknown","Brussels"
"DEVG.BR","Devgen N.V","Unknown","Brussels"
"RTL.BR","RTL Group SA","Unknown","Brussels"
"MELE.BR","Melexis","Unknown","Brussels"
"HMY.BR","HARMONY GOLD IDR","Unknown","Brussels"
"CFE.BR","CFE","Unknown","Brussels"
"BOMB.BR","BOMBARDIER SOF","Unknown","Brussels"
"IBAB.BR","IBA (Ion Beam Applications)","Unknown","Brussels"
"MTRS.BR","Metris N.V.","Unknown","Brussels"
"ENV.BR","Envipco Holdings","Unknown","Brussels"
"TIG.BR","TIGENIX","Unknown","Brussels"
"TRAN.BR","TRANSICS INTERNAT.","Unknown","Brussels"
"TUB.BR","Financiere De Tubize SA","Unknown","Brussels"
"ELI.BR","Elia","Unknown","Brussels"
"PUN.BR","Punch International","Unknown","Brussels"
"SIP.BR","SIPEF","Unknown","Brussels"
"PINS.BR","PINGUINLUTOSA STRIP","Unknown","Brussels"
"IBT.BR","Ibt (Intl Brachytherapy","Unknown","Brussels"
"MTRSS.BR","METRIS IPR STRIP","Unknown","Brussels"
"REC.BR","Recticel SA","Unknown","Brussels"
"KIN.BR","Kinepolis","Unknown","Brussels"
"DECB.BR","Deceuninck","Unknown","Brussels"
"RCUSS.BR","ARSEUS STRIP","Unknown","Brussels"
"GLOG.BR","Global Graphics SA","Unknown","Brussels"
"BREB.BR","Brederode SA","Unknown","Brussels"
"UNITB.BR","Unitronics","Unknown","Brussels"
"DIE.BR","D'Ieteren","Unknown","Brussels"
"KEYW.BR","KEYWARE TECH.","Unknown","Brussels"
"ZENT.BR","Zenitel","Unknown","Brussels"
"PTX.BR","Punch Telematix NV","Unknown","Brussels"
"EXM.BR","Exmar SA","Unknown","Brussels"
"ZTSS.BR","ZETES INDUST.STRIP","Unknown","Brussels"
"ANG.BR","ANGLOGOLD ASHAN.IDR","Unknown","Brussels"
"MEDV.BR","Medivision","Unknown","Brussels"
"ENIN.BR","4ENERGY INVEST","Unknown","Brussels"
"ONCOB.BR","OncoMethylome Sciences SA","Unknown","Brussels"
"ABLXS.BR","ABLYNX STRIP","Unknown","Brussels"
"THRS.BR","THROMBOGENICS STRIP","Unknown","Brussels"
"ROU.BR","Roularta","Unknown","Brussels"
"PCBB.BR","PCB SA","Unknown","Brussels"
"SIOE.BR","Sioen Industries","Unknown","Brussels"
"ALPTS.BR","PORTHUS STRIP","Unknown","Brussels"
"ECONB.BR","Econocom","Unknown","Brussels"
"PAY.BR","Payton Planar Magnetics","Unknown","Brussels"
"IPTE.BR","Ipte","Unknown","Brussels"
"KBCN.BR","KBC GROUP JCE 09","Unknown","Brussels"
"JEN.BR","Jensen Group NV","Unknown","Brussels"
"VAN.BR","Van De Velde","Unknown","Brussels"
"SOLVS.BR","SOLVAC N STRIP","Unknown","Brussels"
"HAMO.BR","Hamon And Cie","Unknown","Brussels"
"TRANS.BR","TRANSICS INT.STRIP","Unknown","Brussels"
"PHAR.BR","PHARCO","Unknown","Brussels"
"ALFA.BR","ALFACAM GROUP","Unknown","Brussels"
"HENX.BR","HENEX","Unknown","Brussels"
"BAM.BR","BROOKFIELD AM IDR","Unknown","Brussels"
"IMMO.BR","Immobiliere De Belgique","Unknown","Brussels"
"ATEB.BR","Atenor Group","Unknown","Brussels"
"SYST.BR","Systemat SA","Unknown","Brussels"
"ELIS.BR","ELIA SYST.OP.STRIP","Unknown","Brussels"
"ALPTH.BR","Porthus NV","Unknown","Brussels"
"OTCB.BR","OTC","Unknown","Brussels"
"EPI.BR","Epiq Nv","Unknown","Brussels"
"PNSB.BR","PNS","Unknown","Brussels"
"MIT.BR","Mitiska","Unknown","Brussels"
"PIN.BR","Pinguin","Unknown","Brussels"
"ALEVA.BR","Evadix SA","Unknown","Brussels"
"SODI.BR","SODIPLAN","Unknown","Brussels"
"ENINS.BR","4ENERGY INV.STRIP","Unknown","Brussels"
"ZTS.BR","Zetes Industries SA","Unknown","Brussels"
"ERYS.BR","ERYPLAST STRIP","Unknown","Brussels"
"ART.BR","Arthur SA","Unknown","Brussels"
"ICE.BR","ICE CONCEPT","Unknown","Brussels"
"SOLV.BR","Solvac SA","Unknown","Brussels"
"ARCH.BR","ARCHIMEDE","Unknown","Brussels"
"PIC.BR","Picanol","Unknown","Brussels"
"DEFB.BR","Deficom Group SA","Unknown","Brussels"
"PROP.BR","PROPHAREX","Unknown","Brussels"
"NEWT.BR","NEWTREE","Unknown","Brussels"
"VSLI.BR","VSL INTERNATIONAL","Unknown","Brussels"
"IMO.BR","IMPERIAL OIL IDR","Unknown","Brussels"
"VPKB.BR","VPK Packaging Group SA","Unknown","Brussels"
"DUV.BR","Duvel Moortgat","Unknown","Brussels"
"BANI.BR","BANIMMO","Unknown","Brussels"
"ECOD.BR","ECODIS","Unknown","Brussels"
"BANIS.BR","BANIMMO STRIP","Unknown","Brussels"
"FIX.BR","FIXINOX","Unknown","Brussels"
"SUCR.BR","Sucraf","Unknown","Brussels"
"FINE.BR","FINEST","Unknown","Brussels"
"ERY.BR","ERYPLAST","Unknown","Brussels"
"CAT.BR","Catala","Unknown","Brussels"
"NTON.BR","NEWTON 21 EUROPE","Unknown","Brussels"
"PTXS.BR","PUNCH TELEMAT.STRIP","Unknown","Brussels"
"CAMB.BR","Campine SA","Unknown","Brussels"
"IRIS.BR","Iris (Image Recognit integra","Unknown","Brussels"
"COMB.BR","Cie Bois Sauvage","Unknown","Brussels"
"RES.BR","Resilux","Unknown","Brussels"
"VGPS.BR","VGP STRIP VVPR","Unknown","Brussels"
"THI.BR","Think Media Nv","Unknown","Brussels"
"UNI.BR","U & I LEARNING","Unknown","Brussels"
"KBCSN.BR","KBC GR.STRIP JCE 09","Unknown","Brussels"
"OXB.BR","OXBRIDGE","Unknown","Brussels"
"BELU.BR","Beluga SA","Unknown","Brussels"
"TEAM.BR","TEAM.INTERN.MARKET.","Unknown","Brussels"
"SAP.BR","Sapec SA","Unknown","Brussels"
"FOY.BR","Foyer SA","Unknown","Brussels"
"VIT.BR","VISION IT GROUP","Unknown","Brussels"
"VGP.BR","VGP","Unknown","Brussels"
"FIXS.BR","FIXINOX STRIP","Unknown","Brussels"
"REI.BR","Reibel Belgium","Unknown","Brussels"
"PROX.BR","Proximedia SA","Unknown","Brussels"
"FLEX.BR","FLEXOS","Unknown","Brussels"
"FOU.BR","Fountain Industries Europe","Unknown","Brussels"
"RVA.BR","RVA","Unknown","Brussels"
"TERB.BR","Ter Beke","Unknown","Brussels"
"MIKO.BR","Miko","Unknown","Brussels"
"ARPA.BR","ARPADIS GROUP","Unknown","Brussels"
"SAIS.BR","5EME SAISON","Unknown","Brussels"
"LOTB.BR","Lotus Bakeries","Unknown","Brussels"
"BAS.BR","BASILIX","Unknown","Brussels"
"BNB.BR","Banque Nat de Belgique","Unknown","Brussels"
"CEGE.BR","Cegedel","Unknown","Brussels"
"DIST.BR","Distrigaz","Unknown","Brussels"
"DISI.BR","DISTRI INVEST","Unknown","Brussels"
"MOP.BR","PALMERAIES MOPOLI","Unknown","Brussels"
"BELR.BR","Belreca","Unknown","Brussels"
"TET.BR","TETRYS","Unknown","Brussels"
"PARD.BR","Paradisio","Unknown","Brussels"
"MOUR.BR","Moury Construction SA","Unknown","Brussels"
"BEAB.BR","AVENUE DE BEAULIEU","Unknown","Brussels"
"FNG.BR","FRED & GINGER","Unknown","Brussels"
"KOR.BR","KORTRIJK RING SHOPP","Unknown","Brussels"
"SPA.BR","SPADEL SA","Unknown","Brussels"
"MCLS.BR","M.C.L.S.","Unknown","Brussels"
"ITBS.BR","ITB-TRAD.STRIP VVPR","Unknown","Brussels"
"UNIB.BR","Unibra SA","Unknown","Brussels"
"ENGB.BR","Rosier","Unknown","Brussels"
"FLUX.BR","Fluxys","Unknown","Brussels"
"WOLS.BR","WOLUWE SHOPP CENTER","Unknown","Brussels"
"TEXF.BR","Texaf","Unknown","Brussels"
"MARC.BR","AVENUE MARCEL THIRY","Unknown","Brussels"
"SVP.BR","SV PATRIMONIA","Unknown","Brussels"
"FLOB.BR","Floridienne","Unknown","Brussels"
"UNIST.BR","U&I LEARNING STRIP","Unknown","Brussels"
"WOLE.BR","WOLUWE EXTENSION","Unknown","Brussels"
"BSBS.BR","BSB STRIP","Unknown","Brussels"
"ALEMK.BR","Emakina Group SA","Unknown","Brussels"
"COLB.BR","RUE COLONEL BOURG","Unknown","Brussels"
"LOUV.BR","LOUVAIN-LA-NEUVE","Unknown","Brussels"
"LUXA.BR","CERT.LUX-AIRPORT","Unknown","Brussels"
"NEU.BR","Neufcour Cie Financiere","Unknown","Brussels"
"AUDB.BR","AUDERGHEM","Unknown","Brussels"
"SAB.BR","Sabca","Unknown","Brussels"
"CHAS.BR","CHAUSSEE HULPE","Unknown","Brussels"
"ZEN.BR","ZENOBE-GRAMME","Unknown","Brussels"
"REG.BR","RUE DE LA REGENCE","Unknown","Brussels"
"ITB.BR","ITB-Tradetech S.A.","Unknown","Brussels"
"BAMT.BR","BROOKFLD ASST MGMT","Unknown","Brussels"
"GENK.BR","GENK LOGISTICS","Unknown","Brussels"
"DISL.BR","DISTRI-LAND","Unknown","Brussels"
"WESB.BR","WESTLAND 1980","Unknown","Brussels"
"ANTG.BR","ANTIGOON INVEST","Unknown","Brussels"
"BSB.BR","BSB","Unknown","Brussels"
"SAIG.BR","PLACE STE-GUDULE","Unknown","Brussels"
"AUX.BR","Auximines SA","Unknown","Brussels"
"DIEG.BR","DIEGEM KENNEDY","Unknown","Brussels"
"ANT.BR","ANTARES","Unknown","Brussels"
"MOPF.BR","PALM MOPOL GRD-AKT","Unknown","Brussels"
"MAC.BR","MACHELEN","Unknown","Brussels"
"SCHD.BR","Scheerders Van Kerch Veren Fab","Unknown","Brussels"
"COBH.BR","Co.Br.Ha","Unknown","Brussels"
"ALROU.BR","De Rouck Geomatics SA","Unknown","Brussels"
"CIM.BR","Cimescaut","Unknown","Brussels"
"HZV1.BR","HANZEVAST CS 1","Unknown","Brussels"
"EMD.BR","EMD MUSIC","Unknown","Brussels"
"DEXSB.BR","DEXIA STRIP","Unknown","Brussels"
"ZENTS.BR","ZENITEL STRIP VVPR","Unknown","Brussels"
"FORS.BR","FORTIS STRIP","Unknown","Brussels"
"BELUS.BR","BELUGA STRIP VVPR","Unknown","Brussels"
"TOTS.BR","TOTAL STRIP","Unknown","Brussels"
"GBLSB.BR","GBL STRIP","Unknown","Brussels"
"GSZB.BR","GDF Suez","Unknown","Brussels"
"REAS.BR","REALDOLMEN STRIP","Unknown","Brussels"
"MTL.BR","ARCELORMITTAL REG","Unknown","Brussels"
"INGS.BR","ING GROEP IDR","Unknown","Brussels"
"KBCS.BR","KBC GR STRIP","Unknown","Brussels"
"INGB.BR","ING Groep","Unknown","Brussels"
"SPES.BR","SPECTOR STRIP VVPR","Unknown","Brussels"
"PFEB.BR","PFIZER IDR BOIC","Unknown","Brussels"
"ALUB.BR","Alcatel-Lucent","Unknown","Brussels"
"FPB.BR","Total SA","Unknown","Brussels"
"HAMS.BR","HAMON STRIP","Unknown","Brussels"
"THEB.BR","THENERGO","Unknown","Brussels"
"UGB.BR","Peugeot SA","Unknown","Brussels"
"NESTS.BR","NESTLE IDR","Unknown","Brussels"
"BRES.BR","BREDERODE STRIP","Unknown","Brussels"
"DEFS.BR","DEFICOM STRIP VVPR","Unknown","Brussels"
"CATE.BR","CATERPILLAR IDR","Unknown","Brussels"
"SIPS.BR","SIPEF STRIP","Unknown","Brussels"
"PARDS.BR","PARADISIO VVPR","Unknown","Brussels"
"TESS.BR","TESSENDERLO STRIP","Unknown","Brussels"
"F.BR","FORD MOTOR IDR","Unknown","Brussels"
"RIOS.BR","RIO TINTO CT-B","Unknown","Brussels"
"MITS.BR","MITISKA STRIP VVPR","Unknown","Brussels"
"NATS.BR","CNP STRIP","Unknown","Brussels"
"GEB.BR","GENL.EL.IDR","Unknown","Brussels"
"BEKS.BR","BEKAERT STRIP VVPR","Unknown","Brussels"
"SEVB.BR","SUEZ ENV. CPY","Unknown","Brussels"
"ACKS.BR","ACKERMANS STRIP","Unknown","Brussels"
"VPKS.BR","VPK PACKAGING VVPR","Unknown","Brussels"
"VLV.BR","VOLVO B CERT SOGES","Unknown","Brussels"
"GT.BR","GOODYEAR T&R ZT-B","Unknown","Brussels"
"BARS.BR","BARCO STRIP","Unknown","Brussels"
"IBAS.BR","IBA STRIP","Unknown","Brussels"
"ROUS.BR","RMG STRIP VVPR","Unknown","Brussels"
"JPMC.BR","JP MORG CHASE IDR","Unknown","Brussels"
"IBMC.BR","IBM IDR","Unknown","Brussels"
"DIES.BR","D'IETEREN STRIP","Unknown","Brussels"
"VRAB.BR","Vranken Pommery Monopole","Unknown","Brussels"
"RECV.BR","RECTICEL VVPR","Unknown","Brussels"
"BAB.BR","BOEING CO ZT-B","Unknown","Brussels"
"COMS.BR","CIE BOIS SAUV.STRIP","Unknown","Brussels"
"ATES.BR","ATENOR STRIP VVPR","Unknown","Brussels"
"CVX.BR","CHEVRON IDR","Unknown","Brussels"
"IRIV.BR","IRIS STRIP","Unknown","Brussels"
"SZEB.BR","SUEZ SA","Unknown","Brussels"
"DOWB.BR","DOW CHEMICAL IDR","Unknown","Brussels"
"GMB.BR","GENL MOTORS IDR","Unknown","Brussels"
"SGOB.BR","Saint Gobain","Unknown","Brussels"
"COLRS.BR","COLRUYT STRIP VVPR","Unknown","Brussels"
"AUXS.BR","AUXIMINES STR VVPR","Unknown","Brussels"
"MOURS.BR","MOURY STRIP VVPR","Unknown","Brussels"
"WESL.BR","WESTLAND 2004","Unknown","Brussels"
"MACK.BR","MACHELEN KUURNE","Unknown","Brussels"
"SAPS.BR","SAPEC STRIP VVPR","Unknown","Brussels"
"NSCBE0LORNB6.BR","ARCELORMITTAL EM 04","Unknown","Brussels"
"TUBAT.BR","FIN.TUBIZE RTS05","Unknown","Brussels"
"BNN33.BR","BROOKFIELD RTS CP33","Unknown","Brussels"
"A673Z.BR","DXB/COBA WTS 09","Unknown","Brussels"
"A270Z.BR","C/COBA WTS 09","Unknown","Brussels"
"SEVBA.BR","SUEZ ENV. CPY DA 10","Unknown","Brussels"
